alpha,metric,group,data,opt
0,ndcg,Overall,0.12150283420099885,SEPopt
0,ndcg,Male,0.11933627891639242,SEPopt
0,ndcg,Female,0.12075942578643599,SEPopt
0,ndcg,Under 18,0.12324648842074465,SEPopt
0,ndcg,18-24,0.11718569714583095,SEPopt
0,ndcg,25-34,0.1232926625196382,SEPopt
0,ndcg,35-44,0.11928587779561053,SEPopt
0,ndcg,45-49,0.12615613154701222,SEPopt
0,ndcg,50-55,0.11030203107039882,SEPopt
0,ndcg,56+,0.0341498097312609,SEPopt
0,hr,Overall,0.19796745176131292,SEPopt
0,hr,Male,0.19579395714095568,SEPopt
0,hr,Female,0.19659505472233482,SEPopt
0,hr,Under 18,0.19510268562401265,SEPopt
0,hr,18-24,0.19483985765124556,SEPopt
0,hr,25-34,0.2034934497816594,SEPopt
0,hr,35-44,0.19522776572668113,SEPopt
0,hr,45-49,0.21794871794871795,SEPopt
0,hr,50-55,0.16363636363636364,SEPopt
0,hr,56+,0.058823529411764705,SEPopt
0,recall,Overall,0.01066471334861147,SEPopt
0,recall,Male,0.010061152447246669,SEPopt
0,recall,Female,0.01080557698901595,SEPopt
0,recall,Under 18,0.010267860939213436,SEPopt
0,recall,18-24,0.010102888375238829,SEPopt
0,recall,25-34,0.010959910458878864,SEPopt
0,recall,35-44,0.008950884006617177,SEPopt
0,recall,45-49,0.013164746624180074,SEPopt
0,recall,50-55,0.005862511961731671,SEPopt
0,recall,56+,0.0037080273888232367,SEPopt
0,precision,Overall,0.02953374991416604,SEPopt
0,precision,Male,0.03000133102622122,SEPopt
0,precision,Female,0.028252938792055128,SEPopt
0,precision,Under 18,0.02958135860979463,SEPopt
0,precision,18-24,0.028870106761565838,SEPopt
0,precision,25-34,0.0314410480349345,SEPopt
0,precision,35-44,0.029067245119305862,SEPopt
0,precision,45-49,0.043589743589743594,SEPopt
0,precision,50-55,0.02,SEPopt
0,precision,56+,0.007352941176470588,SEPopt
0,LIR,Overall,0.08568800479373585,SEPopt
0,LIR,Male,0.08719153010329428,SEPopt
0,LIR,Female,0.08108056834013064,SEPopt
0,LIR,Under 18,0.07973338588350994,SEPopt
0,LIR,18-24,0.09016808384651931,SEPopt
0,LIR,25-34,0.08826938542917744,SEPopt
0,LIR,35-44,0.06575090732034208,SEPopt
0,LIR,45-49,0.0784862196097156,SEPopt
0,LIR,50-55,0.039437324561738346,SEPopt
0,LIR,56+,0.1000971998670206,SEPopt
0,SEP,Overall,0.7375070303901895,SEPopt
0,SEP,Male,0.73767347758202,SEPopt
0,SEP,Female,0.7381348720981743,SEPopt
0,SEP,Under 18,0.7363938207736201,SEPopt
0,SEP,18-24,0.738266962628074,SEPopt
0,SEP,25-34,0.7384376659635394,SEPopt
0,SEP,35-44,0.7372627787379241,SEPopt
0,SEP,45-49,0.7358686886822826,SEPopt
0,SEP,50-55,0.7354642730341406,SEPopt
0,SEP,56+,0.7437186189919939,SEPopt
0,ETD,Overall,0.13415744661476123,SEPopt
0,ETD,Male,0.13453159041394336,SEPopt
0,ETD,Female,0.13295804851896528,SEPopt
0,ETD,Under 18,0.13337707786526687,SEPopt
0,ETD,18-24,0.13373121131741822,SEPopt
0,ETD,25-34,0.13503086419753085,SEPopt
0,ETD,35-44,0.13864942528735635,SEPopt
0,ETD,45-49,0.13080168776371306,SEPopt
0,ETD,50-55,0.12500000000000003,SEPopt
0,ETD,56+,0.14052287581699346,SEPopt
0.05,ndcg,Overall,0.12023344801042245,SEPopt
0.05,ndcg,Male,0.11832487947832912,SEPopt
0.05,ndcg,Female,0.11931515370903932,SEPopt
0.05,ndcg,Under 18,0.12264037462585027,SEPopt
0.05,ndcg,18-24,0.11563522124748961,SEPopt
0.05,ndcg,25-34,0.12220386549277816,SEPopt
0.05,ndcg,35-44,0.11880290834848146,SEPopt
0.05,ndcg,45-49,0.12283628832819637,SEPopt
0.05,ndcg,50-55,0.11610018474697309,SEPopt
0.05,ndcg,56+,0.0341498097312609,SEPopt
0.05,hr,Overall,0.19398475588820985,SEPopt
0.05,hr,Male,0.1924663915879143,SEPopt
0.05,hr,Female,0.19294689906769355,SEPopt
0.05,hr,Under 18,0.19470774091627172,SEPopt
0.05,hr,18-24,0.18972419928825623,SEPopt
0.05,hr,25-34,0.19956331877729258,SEPopt
0.05,hr,35-44,0.19305856832971802,SEPopt
0.05,hr,45-49,0.20512820512820512,SEPopt
0.05,hr,50-55,0.18181818181818182,SEPopt
0.05,hr,56+,0.058823529411764705,SEPopt
0.05,recall,Overall,0.010478247394148574,SEPopt
0.05,recall,Male,0.009800485647260219,SEPopt
0.05,recall,Female,0.010797468429650138,SEPopt
0.05,recall,Under 18,0.010340167203199305,SEPopt
0.05,recall,18-24,0.00993674179496975,SEPopt
0.05,recall,25-34,0.010403408206911364,SEPopt
0.05,recall,35-44,0.008687454888841288,SEPopt
0.05,recall,45-49,0.012725362784746196,SEPopt
0.05,recall,50-55,0.00614660287082258,SEPopt
0.05,recall,56+,0.0037080273888232367,SEPopt
0.05,precision,Overall,0.02914234704387832,SEPopt
0.05,precision,Male,0.029708505257553572,SEPopt
0.05,precision,Female,0.02776651803810296,SEPopt
0.05,precision,Under 18,0.029739336492891,SEPopt
0.05,precision,18-24,0.028358540925266903,SEPopt
0.05,precision,25-34,0.030917030567685588,SEPopt
0.05,precision,35-44,0.028850325379609545,SEPopt
0.05,precision,45-49,0.03974358974358975,SEPopt
0.05,precision,50-55,0.021818181818181816,SEPopt
0.05,precision,56+,0.007352941176470588,SEPopt
0.05,LIR,Overall,0.08727565098462864,SEPopt
0.05,LIR,Male,0.08903445831864445,SEPopt
0.05,LIR,Female,0.0818859226081953,SEPopt
0.05,LIR,Under 18,0.08209475936585589,SEPopt
0.05,LIR,18-24,0.09186060399605683,SEPopt
0.05,LIR,25-34,0.08550001049049152,SEPopt
0.05,LIR,35-44,0.07711532527850269,SEPopt
0.05,LIR,45-49,0.1077064163342266,SEPopt
0.05,LIR,50-55,0.05385805294946233,SEPopt
0.05,LIR,56+,0.10629834162466734,SEPopt
0.05,SEP,Overall,0.843732388893659,SEPopt
0.05,SEP,Male,0.8438803077628433,SEPopt
0.05,SEP,Female,0.8430574340583614,SEPopt
0.05,SEP,Under 18,0.8421284811127732,SEPopt
0.05,SEP,18-24,0.8445986142907723,SEPopt
0.05,SEP,25-34,0.8431282363127738,SEPopt
0.05,SEP,35-44,0.8430497064365711,SEPopt
0.05,SEP,45-49,0.8474485862016748,SEPopt
0.05,SEP,50-55,0.8466074462057274,SEPopt
0.05,SEP,56+,0.8564127150041406,SEPopt
0.05,ETD,Overall,0.15464645084915543,SEPopt
0.05,ETD,Male,0.15518459636106696,SEPopt
0.05,ETD,Female,0.152883885091364,SEPopt
0.05,ETD,Under 18,0.1537620297462817,SEPopt
0.05,ETD,18-24,0.15396895569309366,SEPopt
0.05,ETD,25-34,0.15634645061728397,SEPopt
0.05,ETD,35-44,0.15684865900383146,SEPopt
0.05,ETD,45-49,0.15189873417721514,SEPopt
0.05,ETD,50-55,0.1488095238095238,SEPopt
0.05,ETD,56+,0.16339869281045752,SEPopt
0.1,ndcg,Overall,0.11923367398485119,SEPopt
0.1,ndcg,Male,0.11813587686092686,SEPopt
0.1,ndcg,Female,0.11691283533951584,SEPopt
0.1,ndcg,Under 18,0.12258691613646887,SEPopt
0.1,ndcg,18-24,0.11499835586894726,SEPopt
0.1,ndcg,25-34,0.1208262225861255,SEPopt
0.1,ndcg,35-44,0.11829147503600544,SEPopt
0.1,ndcg,45-49,0.1190187215881241,SEPopt
0.1,ndcg,50-55,0.10397897262576097,SEPopt
0.1,ndcg,56+,0.03425594856303846,SEPopt
0.1,hr,Overall,0.19089473322804368,SEPopt
0.1,hr,Male,0.19126846798881939,SEPopt
0.1,hr,Female,0.18524523713011756,SEPopt
0.1,hr,Under 18,0.19352290679304898,SEPopt
0.1,hr,18-24,0.18727758007117437,SEPopt
0.1,hr,25-34,0.1947598253275109,SEPopt
0.1,hr,35-44,0.19305856832971802,SEPopt
0.1,hr,45-49,0.19230769230769232,SEPopt
0.1,hr,50-55,0.14545454545454545,SEPopt
0.1,hr,56+,0.058823529411764705,SEPopt
0.1,recall,Overall,0.010282791292148331,SEPopt
0.1,recall,Male,0.00969017543995986,SEPopt
0.1,recall,Female,0.010322682064313743,SEPopt
0.1,recall,Under 18,0.010133134739557929,SEPopt
0.1,recall,18-24,0.009758925888608702,SEPopt
0.1,recall,25-34,0.010149622914405144,SEPopt
0.1,recall,35-44,0.008718371690365465,SEPopt
0.1,recall,45-49,0.012147335610974341,SEPopt
0.1,recall,50-55,0.004975871163505506,SEPopt
0.1,recall,56+,0.0037080273888232367,SEPopt
0.1,precision,Overall,0.028716610588477652,SEPopt
0.1,precision,Male,0.0294289897510981,SEPopt
0.1,precision,Female,0.027117957032833397,SEPopt
0.1,precision,Under 18,0.02962085308056872,SEPopt
0.1,precision,18-24,0.02800266903914591,SEPopt
0.1,precision,25-34,0.030262008733624453,SEPopt
0.1,precision,35-44,0.029067245119305855,SEPopt
0.1,precision,45-49,0.03717948717948718,SEPopt
0.1,precision,50-55,0.01818181818181818,SEPopt
0.1,precision,56+,0.007352941176470588,SEPopt
0.1,LIR,Overall,0.08719781503706435,SEPopt
0.1,LIR,Male,0.08878734588514801,SEPopt
0.1,LIR,Female,0.082326821295202,SEPopt
0.1,LIR,Under 18,0.08080699573728443,SEPopt
0.1,LIR,18-24,0.09142179751925734,SEPopt
0.1,LIR,25-34,0.08616691608154392,SEPopt
0.1,LIR,35-44,0.08142873962065439,SEPopt
0.1,LIR,45-49,0.10765587671348321,SEPopt
0.1,LIR,50-55,0.05385805294946233,SEPopt
0.1,LIR,56+,0.1205253550422555,SEPopt
0.1,SEP,Overall,0.864391445553231,SEPopt
0.1,SEP,Male,0.8649314555336435,SEPopt
0.1,SEP,Female,0.8636902710231043,SEPopt
0.1,SEP,Under 18,0.8634778148204902,SEPopt
0.1,SEP,18-24,0.865708614750137,SEPopt
0.1,SEP,25-34,0.863638643593185,SEPopt
0.1,SEP,35-44,0.8638229805115871,SEPopt
0.1,SEP,45-49,0.8663315204974649,SEPopt
0.1,SEP,50-55,0.8631088651229518,SEPopt
0.1,SEP,56+,0.873553732531563,SEPopt
0.1,ETD,Overall,0.16143817632685278,SEPopt
0.1,ETD,Male,0.16229464758876527,SEPopt
0.1,ETD,Female,0.15976410668811153,SEPopt
0.1,ETD,Under 18,0.16010498687664043,SEPopt
0.1,ETD,18-24,0.16123882503192852,SEPopt
0.1,ETD,25-34,0.16377314814814817,SEPopt
0.1,ETD,35-44,0.1630747126436782,SEPopt
0.1,ETD,45-49,0.15893108298171585,SEPopt
0.1,ETD,50-55,0.16071428571428573,SEPopt
0.1,ETD,56+,0.1715686274509804,SEPopt
0.15,ndcg,Overall,0.11732595479060827,SEPopt
0.15,ndcg,Male,0.11664442012203212,SEPopt
0.15,ndcg,Female,0.11488475731869759,SEPopt
0.15,ndcg,Under 18,0.12024894236981891,SEPopt
0.15,ndcg,18-24,0.11373655243681131,SEPopt
0.15,ndcg,25-34,0.11956111461965446,SEPopt
0.15,ndcg,35-44,0.11488242928485151,SEPopt
0.15,ndcg,45-49,0.11910579452343921,SEPopt
0.15,ndcg,50-55,0.11027189075143823,SEPopt
0.15,ndcg,56+,0.02690300738656787,SEPopt
0.15,hr,Overall,0.18478335507793725,SEPopt
0.15,hr,Male,0.18567815785970984,SEPopt
0.15,hr,Female,0.17916497770571543,SEPopt
0.15,hr,Under 18,0.18641390205371247,SEPopt
0.15,hr,18-24,0.18238434163701067,SEPopt
0.15,hr,25-34,0.18995633187772926,SEPopt
0.15,hr,35-44,0.18004338394793926,SEPopt
0.15,hr,45-49,0.19230769230769232,SEPopt
0.15,hr,50-55,0.16363636363636364,SEPopt
0.15,hr,56+,0.04411764705882353,SEPopt
0.15,recall,Overall,0.009865799511921569,SEPopt
0.15,recall,Male,0.009394875565419689,SEPopt
0.15,recall,Female,0.009936103096266804,SEPopt
0.15,recall,Under 18,0.00947714835988802,SEPopt
0.15,recall,18-24,0.009651661271735593,SEPopt
0.15,recall,25-34,0.009757599101568221,SEPopt
0.15,recall,35-44,0.008462414830235727,SEPopt
0.15,recall,45-49,0.012147335610974341,SEPopt
0.15,recall,50-55,0.005224937165996166,SEPopt
0.15,recall,56+,0.0033105711090140157,SEPopt
0.15,precision,Overall,0.027899471262789258,SEPopt
0.15,precision,Male,0.028696925329428993,SEPopt
0.15,precision,Female,0.026469396027563843,SEPopt
0.15,precision,Under 18,0.02883096366508689,SEPopt
0.15,precision,18-24,0.02731316725978648,SEPopt
0.15,precision,25-34,0.029694323144104803,SEPopt
0.15,precision,35-44,0.027548806941431674,SEPopt
0.15,precision,45-49,0.03717948717948718,SEPopt
0.15,precision,50-55,0.02,SEPopt
0.15,precision,56+,0.0058823529411764705,SEPopt
0.15,LIR,Overall,0.08690998798013909,SEPopt
0.15,LIR,Male,0.0880737320088856,SEPopt
0.15,LIR,Female,0.0833437848529787,SEPopt
0.15,LIR,Under 18,0.08078474931190323,SEPopt
0.15,LIR,18-24,0.09076134394406202,SEPopt
0.15,LIR,25-34,0.08613976362114514,SEPopt
0.15,LIR,35-44,0.0811614102585874,SEPopt
0.15,LIR,45-49,0.11188840926825804,SEPopt
0.15,LIR,50-55,0.05388973289815699,SEPopt
0.15,LIR,56+,0.12060063581927301,SEPopt
0.15,SEP,Overall,0.8834621043471651,SEPopt
0.15,SEP,Male,0.8840070582974449,SEPopt
0.15,SEP,Female,0.8828959873971067,SEPopt
0.15,SEP,Under 18,0.8834024549407187,SEPopt
0.15,SEP,18-24,0.8843515861772512,SEPopt
0.15,SEP,25-34,0.8831824880857203,SEPopt
0.15,SEP,35-44,0.8812716930058858,SEPopt
0.15,SEP,45-49,0.8850837548302011,SEPopt
0.15,SEP,50-55,0.8836338741419022,SEPopt
0.15,SEP,56+,0.8888057920601593,SEPopt
0.15,ETD,Overall,0.16818437068402925,SEPopt
0.15,ETD,Male,0.1688894777130072,SEPopt
0.15,ETD,Female,0.16726980297547245,SEPopt
0.15,ETD,Under 18,0.16710411198600178,SEPopt
0.15,ETD,18-24,0.16799292661361626,SEPopt
0.15,ETD,25-34,0.17057291666666669,SEPopt
0.15,ETD,35-44,0.16977969348659008,SEPopt
0.15,ETD,45-49,0.16596343178621656,SEPopt
0.15,ETD,50-55,0.16468253968253968,SEPopt
0.15,ETD,56+,0.17973856209150327,SEPopt
0.2,ndcg,Overall,0.11542371527722979,SEPopt
0.2,ndcg,Male,0.11504285845199479,SEPopt
0.2,ndcg,Female,0.11420416683187135,SEPopt
0.2,ndcg,Under 18,0.117177351949924,SEPopt
0.2,ndcg,18-24,0.11306493136130526,SEPopt
0.2,ndcg,25-34,0.11858266399561941,SEPopt
0.2,ndcg,35-44,0.11463645827163085,SEPopt
0.2,ndcg,45-49,0.11161863038751235,SEPopt
0.2,ndcg,50-55,0.11053434313547,SEPopt
0.2,ndcg,56+,0.02703439309647673,SEPopt
0.2,hr,Overall,0.17990798599189728,SEPopt
0.2,hr,Male,0.18075336084120858,SEPopt
0.2,hr,Female,0.17713822456424808,SEPopt
0.2,hr,Under 18,0.18048973143759875,SEPopt
0.2,hr,18-24,0.17882562277580072,SEPopt
0.2,hr,25-34,0.185589519650655,SEPopt
0.2,hr,35-44,0.18004338394793926,SEPopt
0.2,hr,45-49,0.1794871794871795,SEPopt
0.2,hr,50-55,0.16363636363636364,SEPopt
0.2,hr,56+,0.04411764705882353,SEPopt
0.2,recall,Overall,0.009590463196988018,SEPopt
0.2,recall,Male,0.009003056861208761,SEPopt
0.2,recall,Female,0.009798524317617964,SEPopt
0.2,recall,Under 18,0.009220424790838188,SEPopt
0.2,recall,18-24,0.009217547003181954,SEPopt
0.2,recall,25-34,0.009459399382463747,SEPopt
0.2,recall,35-44,0.008421672005338167,SEPopt
0.2,recall,45-49,0.012407859400909894,SEPopt
0.2,recall,50-55,0.005224937165996166,SEPopt
0.2,recall,56+,0.0033105711090140157,SEPopt
0.2,precision,Overall,0.02715786582434938,SEPopt
0.2,precision,Male,0.027911619858911222,SEPopt
0.2,precision,Female,0.026307255776246454,SEPopt
0.2,precision,Under 18,0.028357030015797792,SEPopt
0.2,precision,18-24,0.0267126334519573,SEPopt
0.2,precision,25-34,0.02864628820960699,SEPopt
0.2,precision,35-44,0.027548806941431674,SEPopt
0.2,precision,45-49,0.03717948717948718,SEPopt
0.2,precision,50-55,0.02,SEPopt
0.2,precision,56+,0.0058823529411764705,SEPopt
0.2,LIR,Overall,0.08632678828590543,SEPopt
0.2,LIR,Male,0.08795191783063452,SEPopt
0.2,LIR,Female,0.08134670510498788,SEPopt
0.2,LIR,Under 18,0.07890450894626723,SEPopt
0.2,LIR,18-24,0.09142393003185727,SEPopt
0.2,LIR,25-34,0.08525810736446678,SEPopt
0.2,LIR,35-44,0.08050488730777731,SEPopt
0.2,LIR,45-49,0.10260522948536596,SEPopt
0.2,LIR,50-55,0.05389501296501886,SEPopt
0.2,LIR,56+,0.10530689532805505,SEPopt
0.2,SEP,Overall,0.9013407977898631,SEPopt
0.2,SEP,Male,0.9018389227858844,SEPopt
0.2,SEP,Female,0.9009057028340487,SEPopt
0.2,SEP,Under 18,0.9013527675528056,SEPopt
0.2,SEP,18-24,0.9022926063978167,SEPopt
0.2,SEP,25-34,0.9009063600820273,SEPopt
0.2,SEP,35-44,0.899744029551832,SEPopt
0.2,SEP,45-49,0.9031534328196634,SEPopt
0.2,SEP,50-55,0.8974222384419062,SEPopt
0.2,SEP,56+,0.9037532824201808,SEPopt
0.2,ETD,Overall,0.17441454567530243,SEPopt
0.2,ETD,Male,0.17477771889536597,SEPopt
0.2,ETD,Female,0.1739266407541438,SEPopt
0.2,ETD,Under 18,0.17370953630796154,SEPopt
0.2,ETD,18-24,0.17403477748305338,SEPopt
0.2,ETD,25-34,0.17611882716049385,SEPopt
0.2,ETD,35-44,0.17672413793103453,SEPopt
0.2,ETD,45-49,0.17018284106891696,SEPopt
0.2,ETD,50-55,0.16666666666666666,SEPopt
0.2,ETD,56+,0.18627450980392155,SEPopt
0.25,ndcg,Overall,0.11285241485420139,SEPopt
0.25,ndcg,Male,0.11256249689926863,SEPopt
0.25,ndcg,Female,0.11122547126331611,SEPopt
0.25,ndcg,Under 18,0.11394673101250205,SEPopt
0.25,ndcg,18-24,0.11013718686691953,SEPopt
0.25,ndcg,25-34,0.11746492702908692,SEPopt
0.25,ndcg,35-44,0.11089255250714514,SEPopt
0.25,ndcg,45-49,0.1137462563791973,SEPopt
0.25,ndcg,50-55,0.10050945059660824,SEPopt
0.25,ndcg,56+,0.027485063980690252,SEPopt
0.25,hr,Overall,0.17448327954405,SEPopt
0.25,hr,Male,0.17516305071209903,SEPopt
0.25,hr,Female,0.17267936765301986,SEPopt
0.25,hr,Under 18,0.17575039494470773,SEPopt
0.25,hr,18-24,0.17326512455516013,SEPopt
0.25,hr,25-34,0.18078602620087336,SEPopt
0.25,hr,35-44,0.17136659436008678,SEPopt
0.25,hr,45-49,0.1794871794871795,SEPopt
0.25,hr,50-55,0.14545454545454545,SEPopt
0.25,hr,56+,0.04411764705882353,SEPopt
0.25,recall,Overall,0.00900823715022823,SEPopt
0.25,recall,Male,0.008484164227449242,SEPopt
0.25,recall,Female,0.009166508006406312,SEPopt
0.25,recall,Under 18,0.00890170495855565,SEPopt
0.25,recall,18-24,0.008564127644323795,SEPopt
0.25,recall,25-34,0.008921142431526656,SEPopt
0.25,recall,35-44,0.007480776346525504,SEPopt
0.25,recall,45-49,0.01214919993172411,SEPopt
0.25,recall,50-55,0.004746468266474635,SEPopt
0.25,recall,56+,0.0033105711090140157,SEPopt
0.25,precision,Overall,0.02614159170500584,SEPopt
0.25,precision,Male,0.026846798881937972,SEPopt
0.25,precision,Female,0.025456019456830157,SEPopt
0.25,precision,Under 18,0.027251184834123223,SEPopt
0.25,precision,18-24,0.025645017793594307,SEPopt
0.25,precision,25-34,0.027860262008733625,SEPopt
0.25,precision,35-44,0.026247288503253797,SEPopt
0.25,precision,45-49,0.037179487179487186,SEPopt
0.25,precision,50-55,0.01818181818181818,SEPopt
0.25,precision,56+,0.0058823529411764705,SEPopt
0.25,LIR,Overall,0.08652666869781316,SEPopt
0.25,LIR,Male,0.08838228670611643,SEPopt
0.25,LIR,Female,0.0808402715343801,SEPopt
0.25,LIR,Under 18,0.07887788721331734,SEPopt
0.25,LIR,18-24,0.091291523929589,SEPopt
0.25,LIR,25-34,0.08765286724362824,SEPopt
0.25,LIR,35-44,0.07497612519091233,SEPopt
0.25,LIR,45-49,0.0927492977227405,SEPopt
0.25,LIR,50-55,0.06151374573221719,SEPopt
0.25,LIR,56+,0.10530689532805505,SEPopt
0.25,SEP,Overall,0.917197969513614,SEPopt
0.25,SEP,Male,0.9176918774638174,SEPopt
0.25,SEP,Female,0.9167289087877775,SEPopt
0.25,SEP,Under 18,0.9173633773541385,SEPopt
0.25,SEP,18-24,0.9177504175871865,SEPopt
0.25,SEP,25-34,0.9174006483206945,SEPopt
0.25,SEP,35-44,0.9158143101302966,SEPopt
0.25,SEP,45-49,0.9186872508725035,SEPopt
0.25,SEP,50-55,0.9127388277160108,SEPopt
0.25,SEP,56+,0.9165171055208854,SEPopt
0.25,ETD,Overall,0.18056883546570754,SEPopt
0.25,ETD,Male,0.18088676912206325,SEPopt
0.25,ETD,Female,0.18062815529643036,SEPopt
0.25,ETD,Under 18,0.1803587051618548,SEPopt
0.25,ETD,18-24,0.1799783868749386,SEPopt
0.25,ETD,25-34,0.18287037037037038,SEPopt
0.25,ETD,35-44,0.1822318007662836,SEPopt
0.25,ETD,45-49,0.1744022503516174,SEPopt
0.25,ETD,50-55,0.17261904761904764,SEPopt
0.25,ETD,56+,0.1895424836601307,SEPopt
0.3,ndcg,Overall,0.10860502436712785,SEPopt
0.3,ndcg,Male,0.1084481156940474,SEPopt
0.3,ndcg,Female,0.10521496339908501,SEPopt
0.3,ndcg,Under 18,0.11019514990117368,SEPopt
0.3,ndcg,18-24,0.10570697374314457,SEPopt
0.3,ndcg,25-34,0.11166912339507147,SEPopt
0.3,ndcg,35-44,0.10666400092531429,SEPopt
0.3,ndcg,45-49,0.11071682352111467,SEPopt
0.3,ndcg,50-55,0.08274352066523893,SEPopt
0.3,ndcg,56+,0.02914899328606464,SEPopt
0.3,hr,Overall,0.16727322667032893,SEPopt
0.3,hr,Male,0.16824171436177293,SEPopt
0.3,hr,Female,0.16457235508715037,SEPopt
0.3,hr,Under 18,0.16824644549763032,SEPopt
0.3,hr,18-24,0.16637010676156583,SEPopt
0.3,hr,25-34,0.17292576419213973,SEPopt
0.3,hr,35-44,0.16702819956616052,SEPopt
0.3,hr,45-49,0.16666666666666666,SEPopt
0.3,hr,50-55,0.12727272727272726,SEPopt
0.3,hr,56+,0.04411764705882353,SEPopt
0.3,recall,Overall,0.008743679574772343,SEPopt
0.3,recall,Male,0.008193286014730253,SEPopt
0.3,recall,Female,0.008697033402321808,SEPopt
0.3,recall,Under 18,0.008271210117200762,SEPopt
0.3,recall,18-24,0.008440740260422287,SEPopt
0.3,recall,25-34,0.008506591941234347,SEPopt
0.3,recall,35-44,0.007273613071889551,SEPopt
0.3,recall,45-49,0.010748934210772955,SEPopt
0.3,recall,50-55,0.004049093257533929,SEPopt
0.3,recall,56+,0.0033105711090140157,SEPopt
0.3,precision,Overall,0.02505665041543638,SEPopt
0.3,precision,Male,0.02578197790496473,SEPopt
0.3,precision,Female,0.02448317794892582,SEPopt
0.3,precision,Under 18,0.025868878357030015,SEPopt
0.3,precision,18-24,0.024733096085409252,SEPopt
0.3,precision,25-34,0.026986899563318775,SEPopt
0.3,precision,35-44,0.025596529284164858,SEPopt
0.3,precision,45-49,0.03333333333333333,SEPopt
0.3,precision,50-55,0.014545454545454545,SEPopt
0.3,precision,56+,0.0058823529411764705,SEPopt
0.3,LIR,Overall,0.08603233652536996,SEPopt
0.3,LIR,Male,0.08825309295915144,SEPopt
0.3,LIR,Female,0.07922700103647931,SEPopt
0.3,LIR,Under 18,0.07949601758984348,SEPopt
0.3,LIR,18-24,0.0897985663521482,SEPopt
0.3,LIR,25-34,0.08710489996816553,SEPopt
0.3,LIR,35-44,0.0783036147734494,SEPopt
0.3,LIR,45-49,0.09275342879777233,SEPopt
0.3,LIR,50-55,0.06151374573221719,SEPopt
0.3,LIR,56+,0.10530689532805505,SEPopt
0.3,SEP,Overall,0.9302588129478814,SEPopt
0.3,SEP,Male,0.9304446009773774,SEPopt
0.3,SEP,Female,0.9299590081066375,SEPopt
0.3,SEP,Under 18,0.9302250094795247,SEPopt
0.3,SEP,18-24,0.930453007934007,SEPopt
0.3,SEP,25-34,0.9304975621042342,SEPopt
0.3,SEP,35-44,0.9291840535276937,SEPopt
0.3,SEP,45-49,0.9320528759706577,SEPopt
0.3,SEP,50-55,0.9279230747445804,SEPopt
0.3,SEP,56+,0.9274050695599271,SEPopt
0.3,ETD,Overall,0.1862374599705566,SEPopt
0.3,ETD,Male,0.186789730907378,SEPopt
0.3,ETD,Female,0.18603404369387486,SEPopt
0.3,ETD,Under 18,0.18626421697287843,SEPopt
0.3,ETD,18-24,0.18572551331172024,SEPopt
0.3,ETD,25-34,0.1883198302469136,SEPopt
0.3,ETD,35-44,0.18750000000000006,SEPopt
0.3,ETD,45-49,0.18706047819971866,SEPopt
0.3,ETD,50-55,0.18055555555555555,SEPopt
0.3,ETD,56+,0.1977124183006536,SEPopt
0.35,ndcg,Overall,0.10440645245731542,SEPopt
0.35,ndcg,Male,0.10544921373009157,SEPopt
0.35,ndcg,Female,0.09918578108053393,SEPopt
0.35,ndcg,Under 18,0.1069148256758806,SEPopt
0.35,ndcg,18-24,0.1011028422551588,SEPopt
0.35,ndcg,25-34,0.10838680782932524,SEPopt
0.35,ndcg,35-44,0.10605380528820194,SEPopt
0.35,ndcg,45-49,0.09790561805324544,SEPopt
0.35,ndcg,50-55,0.08371660200889727,SEPopt
0.35,ndcg,56+,0.034219144171662844,SEPopt
0.35,hr,Overall,0.16068117832864107,SEPopt
0.35,hr,Male,0.16305071209902836,SEPopt
0.35,hr,Female,0.15322253749493311,SEPopt
0.35,hr,Under 18,0.16350710900473933,SEPopt
0.35,hr,18-24,0.15747330960854092,SEPopt
0.35,hr,25-34,0.1663755458515284,SEPopt
0.35,hr,35-44,0.16702819956616052,SEPopt
0.35,hr,45-49,0.15384615384615385,SEPopt
0.35,hr,50-55,0.12727272727272726,SEPopt
0.35,hr,56+,0.058823529411764705,SEPopt
0.35,recall,Overall,0.00812144995452511,SEPopt
0.35,recall,Male,0.007881575873444874,SEPopt
0.35,recall,Female,0.007413736421784377,SEPopt
0.35,recall,Under 18,0.007795741558986268,SEPopt
0.35,recall,18-24,0.007865550909560362,SEPopt
0.35,recall,25-34,0.007676098468799099,SEPopt
0.35,recall,35-44,0.0075531705438637,SEPopt
0.35,recall,45-49,0.011218181738844013,SEPopt
0.35,recall,50-55,0.004049093257533929,SEPopt
0.35,recall,56+,0.0035829022636981113,SEPopt
0.35,precision,Overall,0.024033509579070248,SEPopt
0.35,precision,Male,0.024863569812325303,SEPopt
0.35,precision,Female,0.022861775435751925,SEPopt
0.35,precision,Under 18,0.024921011058451816,SEPopt
0.35,precision,18-24,0.02353202846975089,SEPopt
0.35,precision,25-34,0.025633187772925767,SEPopt
0.35,precision,35-44,0.025379609544468544,SEPopt
0.35,precision,45-49,0.03333333333333333,SEPopt
0.35,precision,50-55,0.014545454545454545,SEPopt
0.35,precision,56+,0.007352941176470588,SEPopt
0.35,LIR,Overall,0.08539341446559816,SEPopt
0.35,LIR,Male,0.08730572659231554,SEPopt
0.35,LIR,Female,0.07953328258268579,SEPopt
0.35,LIR,Under 18,0.07877716381818178,SEPopt
0.35,LIR,18-24,0.08945155080316522,SEPopt
0.35,LIR,25-34,0.08667478931294707,SEPopt
0.35,LIR,35-44,0.07420768357354997,SEPopt
0.35,LIR,45-49,0.09272674077413723,SEPopt
0.35,LIR,50-55,0.06152113782582383,SEPopt
0.35,LIR,56+,0.10293717790861504,SEPopt
0.35,SEP,Overall,0.9412237543618791,SEPopt
0.35,SEP,Male,0.9413878191877796,SEPopt
0.35,SEP,Female,0.9413214758377291,SEPopt
0.35,SEP,Under 18,0.9412191499245229,SEPopt
0.35,SEP,18-24,0.9413993353684573,SEPopt
0.35,SEP,25-34,0.9418813153913037,SEPopt
0.35,SEP,35-44,0.9402292219728312,SEPopt
0.35,SEP,45-49,0.9427542234078641,SEPopt
0.35,SEP,50-55,0.9375488702931738,SEPopt
0.35,SEP,56+,0.9372728623574994,SEPopt
0.35,ETD,Overall,0.19142800770993645,SEPopt
0.35,ETD,Male,0.19222163339810402,SEPopt
0.35,ETD,Female,0.19126122503685836,SEPopt
0.35,ETD,Under 18,0.19251968503937011,SEPopt
0.35,ETD,18-24,0.19080950977502703,SEPopt
0.35,ETD,25-34,0.19352816358024694,SEPopt
0.35,ETD,35-44,0.19276819923371652,SEPopt
0.35,ETD,45-49,0.18987341772151894,SEPopt
0.35,ETD,50-55,0.18452380952380953,SEPopt
0.35,ETD,56+,0.20098039215686272,SEPopt
0.4,ndcg,Overall,0.10119666326103886,SEPopt
0.4,ndcg,Male,0.10169078574209679,SEPopt
0.4,ndcg,Female,0.09658879108615964,SEPopt
0.4,ndcg,Under 18,0.10330478944132215,SEPopt
0.4,ndcg,18-24,0.09773773714321876,SEPopt
0.4,ndcg,25-34,0.10577367810723615,SEPopt
0.4,ndcg,35-44,0.09692901268178056,SEPopt
0.4,ndcg,45-49,0.09962877651107296,SEPopt
0.4,ndcg,50-55,0.07794334082148027,SEPopt
0.4,ndcg,56+,0.034219144171662844,SEPopt
0.4,hr,Overall,0.15450113300830873,SEPopt
0.4,hr,Male,0.1557300678823373,SEPopt
0.4,hr,Female,0.14916903121199837,SEPopt
0.4,hr,Under 18,0.15639810426540285,SEPopt
0.4,hr,18-24,0.15169039145907473,SEPopt
0.4,hr,25-34,0.16026200873362445,SEPopt
0.4,hr,35-44,0.1540130151843818,SEPopt
0.4,hr,45-49,0.15384615384615385,SEPopt
0.4,hr,50-55,0.10909090909090909,SEPopt
0.4,hr,56+,0.058823529411764705,SEPopt
0.4,recall,Overall,0.007792491642894249,SEPopt
0.4,recall,Male,0.007458767554711477,SEPopt
0.4,recall,Female,0.00735312836098836,SEPopt
0.4,recall,Under 18,0.007578204503728708,SEPopt
0.4,recall,18-24,0.007581806907519061,SEPopt
0.4,recall,25-34,0.007115265327281165,SEPopt
0.4,recall,35-44,0.0071159566537880165,SEPopt
0.4,recall,45-49,0.011218181738844013,SEPopt
0.4,recall,50-55,0.0038000272550432696,SEPopt
0.4,recall,56+,0.0035829022636981113,SEPopt
0.4,precision,Overall,0.023161436517201126,SEPopt
0.4,precision,Male,0.023891920670837216,SEPopt
0.4,precision,Female,0.022010539116335628,SEPopt
0.4,precision,Under 18,0.02373617693522907,SEPopt
0.4,precision,18-24,0.022664590747330963,SEPopt
0.4,precision,25-34,0.024890829694323144,SEPopt
0.4,precision,35-44,0.02386117136659436,SEPopt
0.4,precision,45-49,0.03333333333333333,SEPopt
0.4,precision,50-55,0.012727272727272728,SEPopt
0.4,precision,56+,0.007352941176470588,SEPopt
0.4,LIR,Overall,0.08496213655142955,SEPopt
0.4,LIR,Male,0.08681238534419228,SEPopt
0.4,LIR,Female,0.07929219293171229,SEPopt
0.4,LIR,Under 18,0.07862665258337148,SEPopt
0.4,LIR,18-24,0.08872544517654396,SEPopt
0.4,LIR,25-34,0.08673043402699583,SEPopt
0.4,LIR,35-44,0.07491347323766648,SEPopt
0.4,LIR,45-49,0.08858849663306487,SEPopt
0.4,LIR,50-55,0.04752750592489762,SEPopt
0.4,LIR,56+,0.10291369442777608,SEPopt
0.4,SEP,Overall,0.949994801029826,SEPopt
0.4,SEP,Male,0.9500933325480171,SEPopt
0.4,SEP,Female,0.9502766976787218,SEPopt
0.4,SEP,Under 18,0.9500373235986354,SEPopt
0.4,SEP,18-24,0.9501741162495565,SEPopt
0.4,SEP,25-34,0.950472670146018,SEPopt
0.4,SEP,35-44,0.9495864115959771,SEPopt
0.4,SEP,45-49,0.9512240362327756,SEPopt
0.4,SEP,50-55,0.9438765273145472,SEPopt
0.4,SEP,56+,0.947881994185641,SEPopt
0.4,ETD,Overall,0.19645160800740646,SEPopt
0.4,ETD,Male,0.1974327268444916,SEPopt
0.4,ETD,Female,0.19648840637984188,SEPopt
0.4,ETD,Under 18,0.1983814523184602,SEPopt
0.4,ETD,18-24,0.19594262697710976,SEPopt
0.4,ETD,25-34,0.1982542438271605,SEPopt
0.4,ETD,35-44,0.19851532567049815,SEPopt
0.4,ETD,45-49,0.19268635724331923,SEPopt
0.4,ETD,50-55,0.18452380952380953,SEPopt
0.4,ETD,56+,0.207516339869281,SEPopt
0.45,ndcg,Overall,0.09793793586574769,SEPopt
0.45,ndcg,Male,0.09863704868230036,SEPopt
0.45,ndcg,Female,0.0943707275887612,SEPopt
0.45,ndcg,Under 18,0.10184317167578291,SEPopt
0.45,ndcg,18-24,0.09509614980993862,SEPopt
0.45,ndcg,25-34,0.10098427544466329,SEPopt
0.45,ndcg,35-44,0.09245913580749812,SEPopt
0.45,ndcg,45-49,0.10980164200447125,SEPopt
0.45,ndcg,50-55,0.07305059201465454,SEPopt
0.45,ndcg,56+,0.029317183387349115,SEPopt
0.45,hr,Overall,0.14811508617729863,SEPopt
0.45,hr,Male,0.14867562890988953,SEPopt
0.45,hr,Female,0.14633157681394407,SEPopt
0.45,hr,Under 18,0.15165876777251186,SEPopt
0.45,hr,18-24,0.14612989323843417,SEPopt
0.45,hr,25-34,0.15196506550218342,SEPopt
0.45,hr,35-44,0.14967462039045554,SEPopt
0.45,hr,45-49,0.15384615384615385,SEPopt
0.45,hr,50-55,0.09090909090909091,SEPopt
0.45,hr,56+,0.04411764705882353,SEPopt
0.45,recall,Overall,0.007268401874219857,SEPopt
0.45,recall,Male,0.007085095852740208,SEPopt
0.45,recall,Female,0.00697993885323538,SEPopt
0.45,recall,Under 18,0.007161896704913008,SEPopt
0.45,recall,18-24,0.007369439046211358,SEPopt
0.45,recall,25-34,0.006593971098368125,SEPopt
0.45,recall,35-44,0.006284875154057718,SEPopt
0.45,recall,45-49,0.01054744691881391,SEPopt
0.45,recall,50-55,0.002501325956341971,SEPopt
0.45,recall,56+,0.0033105711090140157,SEPopt
0.45,precision,Overall,0.022103962095722032,SEPopt
0.45,precision,Male,0.022800479169439638,SEPopt
0.45,precision,Female,0.021361978111066073,SEPopt
0.45,precision,Under 18,0.022867298578199052,SEPopt
0.45,precision,18-24,0.021730427046263344,SEPopt
0.45,precision,25-34,0.02362445414847162,SEPopt
0.45,precision,35-44,0.02342733188720174,SEPopt
0.45,precision,45-49,0.03205128205128205,SEPopt
0.45,precision,50-55,0.01090909090909091,SEPopt
0.45,precision,56+,0.0058823529411764705,SEPopt
0.45,LIR,Overall,0.08357467130666578,SEPopt
0.45,LIR,Male,0.08530802979866087,SEPopt
0.45,LIR,Female,0.07826292892866084,SEPopt
0.45,LIR,Under 18,0.07746068161404214,SEPopt
0.45,LIR,18-24,0.08734417835342762,SEPopt
0.45,LIR,25-34,0.0849285770586662,SEPopt
0.45,LIR,35-44,0.07577827698962743,SEPopt
0.45,LIR,45-49,0.0885957098593724,SEPopt
0.45,LIR,50-55,0.04752750592489762,SEPopt
0.45,LIR,56+,0.08893223614664038,SEPopt
0.45,SEP,Overall,0.95729448248735,SEPopt
0.45,SEP,Male,0.957448435390957,SEPopt
0.45,SEP,Female,0.9571770104716313,SEPopt
0.45,SEP,Under 18,0.9572822690656664,SEPopt
0.45,SEP,18-24,0.957343036366382,SEPopt
0.45,SEP,25-34,0.9578146430962897,SEPopt
0.45,SEP,35-44,0.9567774138310632,SEPopt
0.45,SEP,45-49,0.9597610509302641,SEPopt
0.45,SEP,50-55,0.9525571902603274,SEPopt
0.45,SEP,56+,0.9542788329967126,SEPopt
0.45,ETD,Overall,0.2007467103765424,SEPopt
0.45,ETD,Male,0.20180474592239303,SEPopt
0.45,ETD,Female,0.19997319394183086,SEPopt
0.45,ETD,Under 18,0.2017497812773404,SEPopt
0.45,ETD,18-24,0.20033893309755382,SEPopt
0.45,ETD,25-34,0.20331790123456794,SEPopt
0.45,ETD,35-44,0.20114942528735638,SEPopt
0.45,ETD,45-49,0.19690576652601965,SEPopt
0.45,ETD,50-55,0.18452380952380956,SEPopt
0.45,ETD,56+,0.207516339869281,SEPopt
0.5,ndcg,Overall,0.09480909833921537,SEPopt
0.5,ndcg,Male,0.09546458231540611,SEPopt
0.5,ndcg,Female,0.09319288043300158,SEPopt
0.5,ndcg,Under 18,0.09960654369784834,SEPopt
0.5,ndcg,18-24,0.09185235511242212,SEPopt
0.5,ndcg,25-34,0.09855549882564144,SEPopt
0.5,ndcg,35-44,0.0938402485206299,SEPopt
0.5,ndcg,45-49,0.08416061636344561,SEPopt
0.5,ndcg,50-55,0.07305059201465454,SEPopt
0.5,ndcg,56+,0.03566953264081145,SEPopt
0.5,hr,Overall,0.142965048410355,SEPopt
0.5,hr,Male,0.1436177292692666,SEPopt
0.5,hr,Female,0.14349412241588974,SEPopt
0.5,hr,Under 18,0.14652448657187994,SEPopt
0.5,hr,18-24,0.14123665480427047,SEPopt
0.5,hr,25-34,0.1480349344978166,SEPopt
0.5,hr,35-44,0.14967462039045554,SEPopt
0.5,hr,45-49,0.1282051282051282,SEPopt
0.5,hr,50-55,0.09090909090909091,SEPopt
0.5,hr,56+,0.058823529411764705,SEPopt
0.5,recall,Overall,0.006961740673351436,SEPopt
0.5,recall,Male,0.006871895153165279,SEPopt
0.5,recall,Female,0.006702164968785474,SEPopt
0.5,recall,Under 18,0.0068969749409368885,SEPopt
0.5,recall,18-24,0.007225809786942372,SEPopt
0.5,recall,25-34,0.006161849765993604,SEPopt
0.5,recall,35-44,0.0062431598195007345,SEPopt
0.5,recall,45-49,0.010052056799094633,SEPopt
0.5,recall,50-55,0.002501325956341971,SEPopt
0.5,recall,56+,0.00444179282847103,SEPopt
0.5,precision,Overall,0.02133488978919179,SEPopt
0.5,precision,Male,0.021948622387861043,SEPopt
0.5,precision,Female,0.02071341710579652,SEPopt
0.5,precision,Under 18,0.021879936808846763,SEPopt
0.5,precision,18-24,0.020974199288256227,SEPopt
0.5,precision,25-34,0.022794759825327512,SEPopt
0.5,precision,35-44,0.02321041214750542,SEPopt
0.5,precision,45-49,0.029487179487179487,SEPopt
0.5,precision,50-55,0.01090909090909091,SEPopt
0.5,precision,56+,0.007352941176470588,SEPopt
0.5,LIR,Overall,0.08260271892199976,SEPopt
0.5,LIR,Male,0.08451760629913248,SEPopt
0.5,LIR,Female,0.07673469538434416,SEPopt
0.5,LIR,Under 18,0.07539678761592788,SEPopt
0.5,LIR,18-24,0.08619766398335409,SEPopt
0.5,LIR,25-34,0.08588994182321406,SEPopt
0.5,LIR,35-44,0.07230996561676556,SEPopt
0.5,LIR,45-49,0.0886058057068114,SEPopt
0.5,LIR,50-55,0.04752750592489762,SEPopt
0.5,LIR,56+,0.08893223614664038,SEPopt
0.5,SEP,Overall,0.9634154742028621,SEPopt
0.5,SEP,Male,0.963479914768833,SEPopt
0.5,SEP,Female,0.9635368832877814,SEPopt
0.5,SEP,Under 18,0.9635237894300931,SEPopt
0.5,SEP,18-24,0.9633941928568953,SEPopt
0.5,SEP,25-34,0.9640143918278833,SEPopt
0.5,SEP,35-44,0.962322432398196,SEPopt
0.5,SEP,45-49,0.9647846180599223,SEPopt
0.5,SEP,50-55,0.9606854734958832,SEPopt
0.5,SEP,56+,0.9601933920168487,SEPopt
0.5,ETD,Overall,0.2048217456631608,SEPopt
0.5,ETD,Male,0.20564682329388217,SEPopt
0.5,ETD,Female,0.20506634499396867,SEPopt
0.5,ETD,Under 18,0.20599300087489067,SEPopt
0.5,ETD,18-24,0.20473523921799788,SEPopt
0.5,ETD,25-34,0.20703125,SEPopt
0.5,ETD,35-44,0.20450191570881232,SEPopt
0.5,ETD,45-49,0.2011251758087201,SEPopt
0.5,ETD,50-55,0.19246031746031747,SEPopt
0.5,ETD,56+,0.2091503267973856,SEPopt
0.55,ndcg,Overall,0.09193162088235776,SEPopt
0.55,ndcg,Male,0.09292424378059225,SEPopt
0.55,ndcg,Female,0.08959068235700014,SEPopt
0.55,ndcg,Under 18,0.09677349162785552,SEPopt
0.55,ndcg,18-24,0.08908480700298659,SEPopt
0.55,ndcg,25-34,0.0948886483494521,SEPopt
0.55,ndcg,35-44,0.0926917105142226,SEPopt
0.55,ndcg,45-49,0.08674383996204321,SEPopt
0.55,ndcg,50-55,0.07976096013153712,SEPopt
0.55,ndcg,56+,0.03566953264081145,SEPopt
0.55,hr,Overall,0.13767767630295955,SEPopt
0.55,hr,Male,0.1385598296286437,SEPopt
0.55,hr,Female,0.13822456424807458,SEPopt
0.55,hr,Under 18,0.14375987361769352,SEPopt
0.55,hr,18-24,0.13589857651245552,SEPopt
0.55,hr,25-34,0.1406113537117904,SEPopt
0.55,hr,35-44,0.14316702819956617,SEPopt
0.55,hr,45-49,0.1282051282051282,SEPopt
0.55,hr,50-55,0.09090909090909091,SEPopt
0.55,hr,56+,0.058823529411764705,SEPopt
0.55,recall,Overall,0.006714056164214965,SEPopt
0.55,recall,Male,0.006540933462066348,SEPopt
0.55,recall,Female,0.006814391078860827,SEPopt
0.55,recall,Under 18,0.006929270910068349,SEPopt
0.55,recall,18-24,0.00693818809622949,SEPopt
0.55,recall,25-34,0.005837527742365221,SEPopt
0.55,recall,35-44,0.005781093549404429,SEPopt
0.55,recall,45-49,0.009506291934444319,SEPopt
0.55,recall,50-55,0.002501325956341971,SEPopt
0.55,recall,56+,0.00444179282847103,SEPopt
0.55,precision,Overall,0.02046968344434526,SEPopt
0.55,precision,Male,0.02120324770397977,SEPopt
0.55,precision,Female,0.019943250912038916,SEPopt
0.55,precision,Under 18,0.0212480252764613,SEPopt
0.55,precision,18-24,0.020240213523131673,SEPopt
0.55,precision,25-34,0.02205240174672489,SEPopt
0.55,precision,35-44,0.021691973969631236,SEPopt
0.55,precision,45-49,0.026923076923076925,SEPopt
0.55,precision,50-55,0.01090909090909091,SEPopt
0.55,precision,56+,0.007352941176470588,SEPopt
0.55,LIR,Overall,0.08250252108505626,SEPopt
0.55,LIR,Male,0.0837118346542743,SEPopt
0.55,LIR,Female,0.0787966736428931,SEPopt
0.55,LIR,Under 18,0.0755782767044598,SEPopt
0.55,LIR,18-24,0.08610871354660547,SEPopt
0.55,LIR,25-34,0.08533108232726684,SEPopt
0.55,LIR,35-44,0.0724818167412006,SEPopt
0.55,LIR,45-49,0.0886058057068114,SEPopt
0.55,LIR,50-55,0.04752750592489762,SEPopt
0.55,LIR,56+,0.09130678390058106,SEPopt
0.55,SEP,Overall,0.9688506193368083,SEPopt
0.55,SEP,Male,0.9689605630864767,SEPopt
0.55,SEP,Female,0.96903874035526,SEPopt
0.55,SEP,Under 18,0.9687623468555043,SEPopt
0.55,SEP,18-24,0.9690238232564101,SEPopt
0.55,SEP,25-34,0.9693484773698617,SEPopt
0.55,SEP,35-44,0.9684070770166364,SEPopt
0.55,SEP,45-49,0.9700323117844986,SEPopt
0.55,SEP,50-55,0.9673270585294658,SEPopt
0.55,SEP,56+,0.9657744683240348,SEPopt
0.55,ETD,Overall,0.20849458938517815,SEPopt
0.55,ETD,Male,0.20919448860625336,SEPopt
0.55,ETD,Female,0.20917660724657114,SEPopt
0.55,ETD,Under 18,0.21054243219597552,SEPopt
0.55,ETD,18-24,0.20812457019353572,SEPopt
0.55,ETD,25-34,0.2099729938271605,SEPopt
0.55,ETD,35-44,0.20977011494252878,SEPopt
0.55,ETD,45-49,0.2039381153305204,SEPopt
0.55,ETD,50-55,0.2043650793650794,SEPopt
0.55,ETD,56+,0.2091503267973856,SEPopt
0.6,ndcg,Overall,0.08882827504368657,SEPopt
0.6,ndcg,Male,0.08923786645927227,SEPopt
0.6,ndcg,Female,0.08694168105850528,SEPopt
0.6,ndcg,Under 18,0.09389978606032465,SEPopt
0.6,ndcg,18-24,0.08598002612450147,SEPopt
0.6,ndcg,25-34,0.09039400381878582,SEPopt
0.6,ndcg,35-44,0.08797707780647773,SEPopt
0.6,ndcg,45-49,0.08891858311621899,SEPopt
0.6,ndcg,50-55,0.07976096013153712,SEPopt
0.6,ndcg,56+,0.025390561988811174,SEPopt
0.6,hr,Overall,0.13259630570624184,SEPopt
0.6,hr,Male,0.13270331425529083,SEPopt
0.6,hr,Female,0.13417105796513984,SEPopt
0.6,hr,Under 18,0.13941548183254343,SEPopt
0.6,hr,18-24,0.1307829181494662,SEPopt
0.6,hr,25-34,0.1331877729257642,SEPopt
0.6,hr,35-44,0.13665943600867678,SEPopt
0.6,hr,45-49,0.1282051282051282,SEPopt
0.6,hr,50-55,0.09090909090909091,SEPopt
0.6,hr,56+,0.058823529411764705,SEPopt
0.6,recall,Overall,0.006271068443320574,SEPopt
0.6,recall,Male,0.00613131443228465,SEPopt
0.6,recall,Female,0.006569058159610154,SEPopt
0.6,recall,Under 18,0.006300945721129211,SEPopt
0.6,recall,18-24,0.006656637721149217,SEPopt
0.6,recall,25-34,0.00548177835918573,SEPopt
0.6,recall,35-44,0.005740869818515894,SEPopt
0.6,recall,45-49,0.00950180138704659,SEPopt
0.6,recall,50-55,0.002501325956341971,SEPopt
0.6,recall,56+,0.004553929186282128,SEPopt
0.6,precision,Overall,0.019425942456911354,SEPopt
0.6,precision,Male,0.020125116464794358,SEPopt
0.6,precision,Female,0.018970409404134577,SEPopt
0.6,precision,Under 18,0.020260663507109002,SEPopt
0.6,precision,18-24,0.019283807829181494,SEPopt
0.6,precision,25-34,0.02061135371179039,SEPopt
0.6,precision,35-44,0.021041214750542298,SEPopt
0.6,precision,45-49,0.02564102564102564,SEPopt
0.6,precision,50-55,0.01090909090909091,SEPopt
0.6,precision,56+,0.007352941176470588,SEPopt
0.6,LIR,Overall,0.08186054718721085,SEPopt
0.6,LIR,Male,0.08325381833921788,SEPopt
0.6,LIR,Female,0.07759097603020843,SEPopt
0.6,LIR,Under 18,0.07672186671074065,SEPopt
0.6,LIR,18-24,0.08436013444282202,SEPopt
0.6,LIR,25-34,0.08434633341044195,SEPopt
0.6,LIR,35-44,0.07163486735766157,SEPopt
0.6,LIR,45-49,0.09276971837501524,SEPopt
0.6,LIR,50-55,0.04753859406530757,SEPopt
0.6,LIR,56+,0.10528824218171674,SEPopt
0.6,SEP,Overall,0.9738819071849273,SEPopt
0.6,SEP,Male,0.9739637244573994,SEPopt
0.6,SEP,Female,0.97410208099089,SEPopt
0.6,SEP,Under 18,0.9738918425351516,SEPopt
0.6,SEP,18-24,0.9740092542427871,SEPopt
0.6,SEP,25-34,0.9743446188493821,SEPopt
0.6,SEP,35-44,0.9732256446507368,SEPopt
0.6,SEP,45-49,0.9753930258438067,SEPopt
0.6,SEP,50-55,0.9725488175876504,SEPopt
0.6,SEP,56+,0.9703302561234454,SEPopt
0.6,ETD,Overall,0.2117955956229417,SEPopt
0.6,ETD,Male,0.21225637402107997,SEPopt
0.6,ETD,Female,0.2131081624447125,SEPopt
0.6,ETD,Under 18,0.2140857392825897,SEPopt
0.6,ETD,18-24,0.2114647804302977,SEPopt
0.6,ETD,25-34,0.21310763888888892,SEPopt
0.6,ETD,35-44,0.2116858237547893,SEPopt
0.6,ETD,45-49,0.21097046413502107,SEPopt
0.6,ETD,50-55,0.20634920634920637,SEPopt
0.6,ETD,56+,0.2091503267973856,SEPopt
0.65,ndcg,Overall,0.08490915856989757,SEPopt
0.65,ndcg,Male,0.0850729439363114,SEPopt
0.65,ndcg,Female,0.08427293055440781,SEPopt
0.65,ndcg,Under 18,0.09079792999652338,SEPopt
0.65,ndcg,18-24,0.0837579087675651,SEPopt
0.65,ndcg,25-34,0.08310363300984061,SEPopt
0.65,ndcg,35-44,0.08088090726831206,SEPopt
0.65,ndcg,45-49,0.0838565942116946,SEPopt
0.65,ndcg,50-55,0.07976096013153712,SEPopt
0.65,ndcg,56+,0.03025508679541394,SEPopt
0.65,hr,Overall,0.12627892604545768,SEPopt
0.65,hr,Male,0.12671369625981632,SEPopt
0.65,hr,Female,0.1284961491690312,SEPopt
0.65,hr,Under 18,0.13428120063191154,SEPopt
0.65,hr,18-24,0.1258896797153025,SEPopt
0.65,hr,25-34,0.1240174672489083,SEPopt
0.65,hr,35-44,0.1279826464208243,SEPopt
0.65,hr,45-49,0.1282051282051282,SEPopt
0.65,hr,50-55,0.09090909090909091,SEPopt
0.65,hr,56+,0.07352941176470588,SEPopt
0.65,recall,Overall,0.00574191079029468,SEPopt
0.65,recall,Male,0.005652319408024019,SEPopt
0.65,recall,Female,0.006200523817481915,SEPopt
0.65,recall,Under 18,0.005971722311632877,SEPopt
0.65,recall,18-24,0.006060862660933026,SEPopt
0.65,recall,25-34,0.0051327295844077366,SEPopt
0.65,recall,35-44,0.005549344972475686,SEPopt
0.65,recall,45-49,0.007899237284482488,SEPopt
0.65,recall,50-55,0.002501325956341971,SEPopt
0.65,recall,56+,0.0048031814295523174,SEPopt
0.65,precision,Overall,0.018265467280093386,SEPopt
0.65,precision,Male,0.019007054438972448,SEPopt
0.65,precision,Female,0.017875962707742197,SEPopt
0.65,precision,Under 18,0.019312796208530807,SEPopt
0.65,precision,18-24,0.01817170818505338,SEPopt
0.65,precision,25-34,0.019301310043668123,SEPopt
0.65,precision,35-44,0.019739696312364427,SEPopt
0.65,precision,45-49,0.023076923076923075,SEPopt
0.65,precision,50-55,0.01090909090909091,SEPopt
0.65,precision,56+,0.008823529411764707,SEPopt
0.65,LIR,Overall,0.08091557976568206,SEPopt
0.65,LIR,Male,0.08247625807789487,SEPopt
0.65,LIR,Female,0.07613300237750872,SEPopt
0.65,LIR,Under 18,0.07431575584820672,SEPopt
0.65,LIR,18-24,0.08436895375922628,SEPopt
0.65,LIR,25-34,0.08384208964070917,SEPopt
0.65,LIR,35-44,0.07061792062227666,SEPopt
0.65,LIR,45-49,0.08839642826929352,SEPopt
0.65,LIR,50-55,0.029434673823982512,SEPopt
0.65,LIR,56+,0.0983667388645856,SEPopt
0.65,SEP,Overall,0.9784653322695182,SEPopt
0.65,SEP,Male,0.978487205076922,SEPopt
0.65,SEP,Female,0.978679566781877,SEPopt
0.65,SEP,Under 18,0.9785143877463082,SEPopt
0.65,SEP,18-24,0.9785114535599464,SEPopt
0.65,SEP,25-34,0.9787287139499921,SEPopt
0.65,SEP,35-44,0.9781028834192027,SEPopt
0.65,SEP,45-49,0.9801336492050632,SEPopt
0.65,SEP,50-55,0.9774079772722669,SEPopt
0.65,SEP,56+,0.9763068555359963,SEPopt
0.65,ETD,Overall,0.21455022841445467,SEPopt
0.65,ETD,Male,0.21509745039156808,SEPopt
0.65,ETD,Female,0.21529732386185946,SEPopt
0.65,ETD,Under 18,0.21657917760279963,SEPopt
0.65,ETD,18-24,0.2140190588466451,SEPopt
0.65,ETD,25-34,0.21614583333333337,SEPopt
0.65,ETD,35-44,0.214080459770115,SEPopt
0.65,ETD,45-49,0.21800281293952176,SEPopt
0.65,ETD,50-55,0.20634920634920637,SEPopt
0.65,ETD,56+,0.2140522875816993,SEPopt
0.7,ndcg,Overall,0.07984815905269206,SEPopt
0.7,ndcg,Male,0.07927096810595038,SEPopt
0.7,ndcg,Female,0.08102152574008284,SEPopt
0.7,ndcg,Under 18,0.08546397553627184,SEPopt
0.7,ndcg,18-24,0.07791241010161536,SEPopt
0.7,ndcg,25-34,0.07825724106499568,SEPopt
0.7,ndcg,35-44,0.08141223563861827,SEPopt
0.7,ndcg,45-49,0.07619263707767816,SEPopt
0.7,ndcg,50-55,0.08055775560133442,SEPopt
0.7,ndcg,56+,0.024118832172224436,SEPopt
0.7,hr,Overall,0.11879420449083293,SEPopt
0.7,hr,Male,0.11859443631039532,SEPopt
0.7,hr,Female,0.12322659100121605,SEPopt
0.7,hr,Under 18,0.12677725118483413,SEPopt
0.7,hr,18-24,0.11788256227758007,SEPopt
0.7,hr,25-34,0.1165938864628821,SEPopt
0.7,hr,35-44,0.1279826464208243,SEPopt
0.7,hr,45-49,0.11538461538461539,SEPopt
0.7,hr,50-55,0.09090909090909091,SEPopt
0.7,hr,56+,0.058823529411764705,SEPopt
0.7,recall,Overall,0.005278354696590864,SEPopt
0.7,recall,Male,0.005169092959463101,SEPopt
0.7,recall,Female,0.005748850021843145,SEPopt
0.7,recall,Under 18,0.005494476926109363,SEPopt
0.7,recall,18-24,0.005645272004794,SEPopt
0.7,recall,25-34,0.0044954020074703125,SEPopt
0.7,recall,35-44,0.005204892607144323,SEPopt
0.7,recall,45-49,0.007637594165696511,SEPopt
0.7,recall,50-55,0.0019148156924123521,SEPopt
0.7,recall,56+,0.004848185306809435,SEPopt
0.7,precision,Overall,0.01702945821602692,SEPopt
0.7,precision,Male,0.0175562358578464,SEPopt
0.7,precision,Female,0.016822051074179164,SEPopt
0.7,precision,Under 18,0.017733017377567144,SEPopt
0.7,precision,18-24,0.016948398576512456,SEPopt
0.7,precision,25-34,0.017860262008733623,SEPopt
0.7,precision,35-44,0.018655097613882867,SEPopt
0.7,precision,45-49,0.021794871794871797,SEPopt
0.7,precision,50-55,0.00909090909090909,SEPopt
0.7,precision,56+,0.008823529411764707,SEPopt
0.7,LIR,Overall,0.07934104171413658,SEPopt
0.7,LIR,Male,0.08143234674954,SEPopt
0.7,LIR,Female,0.0729323999743073,SEPopt
0.7,LIR,Under 18,0.07218352622565392,SEPopt
0.7,LIR,18-24,0.08328705945009848,SEPopt
0.7,LIR,25-34,0.08201001650601718,SEPopt
0.7,LIR,35-44,0.07164616263742732,SEPopt
0.7,LIR,45-49,0.066855917220003,SEPopt
0.7,LIR,50-55,0.029508594760048874,SEPopt
0.7,LIR,56+,0.09820213335333342,SEPopt
0.7,SEP,Overall,0.9825597514663795,SEPopt
0.7,SEP,Male,0.9825642162321369,SEPopt
0.7,SEP,Female,0.9827848619285512,SEPopt
0.7,SEP,Under 18,0.9825809591256537,SEPopt
0.7,SEP,18-24,0.9825547813528528,SEPopt
0.7,SEP,25-34,0.9828793570516167,SEPopt
0.7,SEP,35-44,0.982270301147823,SEPopt
0.7,SEP,45-49,0.9828303571198779,SEPopt
0.7,SEP,50-55,0.9822574367771708,SEPopt
0.7,SEP,56+,0.9818922285387487,SEPopt
0.7,ETD,Overall,0.21663707143832817,SEPopt
0.7,ETD,Male,0.21720249661426136,SEPopt
0.7,ETD,Female,0.21699504087923874,SEPopt
0.7,ETD,Under 18,0.21841644794400703,SEPopt
0.7,ETD,18-24,0.2162294920915611,SEPopt
0.7,ETD,25-34,0.21793016975308646,SEPopt
0.7,ETD,35-44,0.21551724137931041,SEPopt
0.7,ETD,45-49,0.21940928270042187,SEPopt
0.7,ETD,50-55,0.2123015873015873,SEPopt
0.7,ETD,56+,0.21732026143790847,SEPopt
0.75,ndcg,Overall,0.07511200259076814,SEPopt
0.75,ndcg,Male,0.07506158748240517,SEPopt
0.75,ndcg,Female,0.07596150066359741,SEPopt
0.75,ndcg,Under 18,0.08194828842326793,SEPopt
0.75,ndcg,18-24,0.07223773804674044,SEPopt
0.75,ndcg,25-34,0.07488397633600767,SEPopt
0.75,ndcg,35-44,0.07671435850706637,SEPopt
0.75,ndcg,45-49,0.08075454383878669,SEPopt
0.75,ndcg,50-55,0.08055775560133442,SEPopt
0.75,ndcg,56+,0.02178876893869904,SEPopt
0.75,hr,Overall,0.11137815010643412,SEPopt
0.75,hr,Male,0.11180620258219087,SEPopt
0.75,hr,Female,0.11593027969193352,SEPopt
0.75,hr,Under 18,0.12085308056872038,SEPopt
0.75,hr,18-24,0.1103202846975089,SEPopt
0.75,hr,25-34,0.10960698689956332,SEPopt
0.75,hr,35-44,0.1193058568329718,SEPopt
0.75,hr,45-49,0.11538461538461539,SEPopt
0.75,hr,50-55,0.09090909090909091,SEPopt
0.75,hr,56+,0.058823529411764705,SEPopt
0.75,recall,Overall,0.004869817766675749,SEPopt
0.75,recall,Male,0.004861468062684015,SEPopt
0.75,recall,Female,0.005362667755578675,SEPopt
0.75,recall,Under 18,0.005244373936940088,SEPopt
0.75,recall,18-24,0.005224002801300074,SEPopt
0.75,recall,25-34,0.00421856453292514,SEPopt
0.75,recall,35-44,0.00524321859289917,SEPopt
0.75,recall,45-49,0.0072605202592108415,SEPopt
0.75,recall,50-55,0.0019148156924123521,SEPopt
0.75,recall,56+,0.0035112869110875094,SEPopt
0.75,precision,Overall,0.01584838288814118,SEPopt
0.75,precision,Male,0.016518035405297487,SEPopt
0.75,precision,Female,0.015565464126469395,SEPopt
0.75,precision,Under 18,0.01674565560821485,SEPopt
0.75,precision,18-24,0.01572508896797153,SEPopt
0.75,precision,25-34,0.01685589519650655,SEPopt
0.75,precision,35-44,0.01778741865509761,SEPopt
0.75,precision,45-49,0.020512820512820513,SEPopt
0.75,precision,50-55,0.00909090909090909,SEPopt
0.75,precision,56+,0.007352941176470588,SEPopt
0.75,LIR,Overall,0.07861821010115538,SEPopt
0.75,LIR,Male,0.08080985626150924,SEPopt
0.75,LIR,Female,0.07190208078266454,SEPopt
0.75,LIR,Under 18,0.07079577637923093,SEPopt
0.75,LIR,18-24,0.0828612860682191,SEPopt
0.75,LIR,25-34,0.0817754830933078,SEPopt
0.75,LIR,35-44,0.06877587872516663,SEPopt
0.75,LIR,45-49,0.06711489479201571,SEPopt
0.75,LIR,50-55,0.029471634292015693,SEPopt
0.75,LIR,56+,0.09839022234542459,SEPopt
0.75,SEP,Overall,0.9858657226337776,SEPopt
0.75,SEP,Male,0.9858405706504871,SEPopt
0.75,SEP,Female,0.9860870911323667,SEPopt
0.75,SEP,Under 18,0.9860140937745436,SEPopt
0.75,SEP,18-24,0.985828804070802,SEPopt
0.75,SEP,25-34,0.9859952116992718,SEPopt
0.75,SEP,35-44,0.985677561015148,SEPopt
0.75,SEP,45-49,0.9863088669075779,SEPopt
0.75,SEP,50-55,0.985382257121608,SEPopt
0.75,SEP,56+,0.9848320318819392,SEPopt
0.75,ETD,Overall,0.21819271805612472,SEPopt
0.75,ETD,Male,0.2187334393216747,SEPopt
0.75,ETD,Female,0.21838002055131134,SEPopt
0.75,ETD,Under 18,0.21990376202974632,SEPopt
0.75,ETD,18-24,0.21792415757933004,SEPopt
0.75,ETD,25-34,0.2192322530864198,SEPopt
0.75,ETD,35-44,0.2169540229885058,SEPopt
0.75,ETD,45-49,0.21800281293952176,SEPopt
0.75,ETD,50-55,0.2123015873015873,SEPopt
0.75,ETD,56+,0.21732026143790847,SEPopt
0.8,ndcg,Overall,0.06962877590598322,SEPopt
0.8,ndcg,Male,0.06990419540336926,SEPopt
0.8,ndcg,Female,0.07256443923840637,SEPopt
0.8,ndcg,Under 18,0.07650461070930079,SEPopt
0.8,ndcg,18-24,0.06906305110927659,SEPopt
0.8,ndcg,25-34,0.06917665953412733,SEPopt
0.8,ndcg,35-44,0.07111762496337008,SEPopt
0.8,ndcg,45-49,0.046697333903250864,SEPopt
0.8,ndcg,50-55,0.06363636363636363,SEPopt
0.8,ndcg,56+,0.024226059965968914,SEPopt
0.8,hr,Overall,0.10217674929616151,SEPopt
0.8,hr,Male,0.1032876347664049,SEPopt
0.8,hr,Female,0.10701256586947709,SEPopt
0.8,hr,Under 18,0.11216429699842022,SEPopt
0.8,hr,18-24,0.10387010676156584,SEPopt
0.8,hr,25-34,0.09912663755458516,SEPopt
0.8,hr,35-44,0.10629067245119306,SEPopt
0.8,hr,45-49,0.0641025641025641,SEPopt
0.8,hr,50-55,0.07272727272727272,SEPopt
0.8,hr,56+,0.058823529411764705,SEPopt
0.8,recall,Overall,0.004431920558838073,SEPopt
0.8,recall,Male,0.004502833223454537,SEPopt
0.8,recall,Female,0.004949893198721624,SEPopt
0.8,recall,Under 18,0.004791747786321559,SEPopt
0.8,recall,18-24,0.005016410448684041,SEPopt
0.8,recall,25-34,0.003706932776438192,SEPopt
0.8,recall,35-44,0.004722854818515679,SEPopt
0.8,recall,45-49,0.004689331412043725,SEPopt
0.8,recall,50-55,0.0015279684970545184,SEPopt
0.8,recall,56+,0.0035112869110875094,SEPopt
0.8,precision,Overall,0.014447572615532516,SEPopt
0.8,precision,Male,0.015133768135232262,SEPopt
0.8,precision,Female,0.01426834211593028,SEPopt
0.8,precision,Under 18,0.015244865718799369,SEPopt
0.8,precision,18-24,0.014590747330960854,SEPopt
0.8,precision,25-34,0.015283842794759825,SEPopt
0.8,precision,35-44,0.01648590021691974,SEPopt
0.8,precision,45-49,0.015384615384615387,SEPopt
0.8,precision,50-55,0.007272727272727273,SEPopt
0.8,precision,56+,0.007352941176470588,SEPopt
0.8,LIR,Overall,0.07844736939683221,SEPopt
0.8,LIR,Male,0.08058972161341924,SEPopt
0.8,LIR,Female,0.0718822975377731,SEPopt
0.8,LIR,Under 18,0.07156499760285417,SEPopt
0.8,LIR,18-24,0.08261493632147761,SEPopt
0.8,LIR,25-34,0.08180755742860406,SEPopt
0.8,LIR,35-44,0.06517519224673414,SEPopt
0.8,LIR,45-49,0.06713936111476262,SEPopt
0.8,LIR,50-55,0.029508594760048874,SEPopt
0.8,LIR,56+,0.0837316598139894,SEPopt
0.8,SEP,Overall,0.9885263501135788,SEPopt
0.8,SEP,Male,0.9885033738907649,SEPopt
0.8,SEP,Female,0.988845538871003,SEPopt
0.8,SEP,Under 18,0.9887096362638143,SEPopt
0.8,SEP,18-24,0.9885417131562663,SEPopt
0.8,SEP,25-34,0.9885970250429923,SEPopt
0.8,SEP,35-44,0.9884449483806144,SEPopt
0.8,SEP,45-49,0.9891348972749088,SEPopt
0.8,SEP,50-55,0.9879999327210545,SEPopt
0.8,SEP,56+,0.9876262630477531,SEPopt
0.8,ETD,Overall,0.21941446979010162,SEPopt
0.8,ETD,Male,0.21996996996997,SEPopt
0.8,ETD,Female,0.21954161640530764,SEPopt
0.8,ETD,Under 18,0.2208661417322835,SEPopt
0.8,ETD,18-24,0.2194223401119953,SEPopt
0.8,ETD,25-34,0.2203896604938272,SEPopt
0.8,ETD,35-44,0.21743295019157094,SEPopt
0.8,ETD,45-49,0.220815752461322,SEPopt
0.8,ETD,50-55,0.2123015873015873,SEPopt
0.8,ETD,56+,0.2156862745098039,SEPopt
0.85,ndcg,Overall,0.06577923904597517,SEPopt
0.85,ndcg,Male,0.06646442714288434,SEPopt
0.85,ndcg,Female,0.06734854218852572,SEPopt
0.85,ndcg,Under 18,0.06999285814935645,SEPopt
0.85,ndcg,18-24,0.06630314638932595,SEPopt
0.85,ndcg,25-34,0.06580566118031833,SEPopt
0.85,ndcg,35-44,0.06628811437826626,SEPopt
0.85,ndcg,45-49,0.047649608165771656,SEPopt
0.85,ndcg,50-55,0.06363636363636363,SEPopt
0.85,ndcg,56+,0.02507025639357367,SEPopt
0.85,hr,Overall,0.09551603378424775,SEPopt
0.85,hr,Male,0.0975642220151737,SEPopt
0.85,hr,Female,0.09850020267531415,SEPopt
0.85,hr,Under 18,0.10387045813586097,SEPopt
0.85,hr,18-24,0.09830960854092527,SEPopt
0.85,hr,25-34,0.09301310043668122,SEPopt
0.85,hr,35-44,0.09761388286334056,SEPopt
0.85,hr,45-49,0.0641025641025641,SEPopt
0.85,hr,50-55,0.07272727272727272,SEPopt
0.85,hr,56+,0.058823529411764705,SEPopt
0.85,recall,Overall,0.004077640411977582,SEPopt
0.85,recall,Male,0.004287017893461188,SEPopt
0.85,recall,Female,0.004416112353211666,SEPopt
0.85,recall,Under 18,0.004513383316103141,SEPopt
0.85,recall,18-24,0.004717995491849682,SEPopt
0.85,recall,25-34,0.0034642077945939965,SEPopt
0.85,recall,35-44,0.003994926479095832,SEPopt
0.85,recall,45-49,0.004684840864645997,SEPopt
0.85,recall,50-55,0.0015279684970545184,SEPopt
0.85,recall,56+,0.0035112869110875094,SEPopt
0.85,precision,Overall,0.013328297740850101,SEPopt
0.85,precision,Male,0.014055636896046851,SEPopt
0.85,precision,Female,0.013214430482367248,SEPopt
0.85,precision,Under 18,0.014099526066350712,SEPopt
0.85,precision,18-24,0.013723309608540925,SEPopt
0.85,precision,25-34,0.013973799126637555,SEPopt
0.85,precision,35-44,0.014750542299349242,SEPopt
0.85,precision,45-49,0.014102564102564105,SEPopt
0.85,precision,50-55,0.007272727272727273,SEPopt
0.85,precision,56+,0.007352941176470588,SEPopt
0.85,LIR,Overall,0.07640674820840314,SEPopt
0.85,LIR,Male,0.07796404578932807,SEPopt
0.85,LIR,Female,0.07163453080850306,SEPopt
0.85,LIR,Under 18,0.06885445994689758,SEPopt
0.85,LIR,18-24,0.08125681878518523,SEPopt
0.85,LIR,25-34,0.07807571489239329,SEPopt
0.85,LIR,35-44,0.0697313148923893,SEPopt
0.85,LIR,45-49,0.050194211023257336,SEPopt
0.85,LIR,50-55,0.04350222666097508,SEPopt
0.85,LIR,56+,0.07903489087549248,SEPopt
0.85,SEP,Overall,0.9908760713119974,SEPopt
0.85,SEP,Male,0.9908474026337973,SEPopt
0.85,SEP,Female,0.9912093825939905,SEPopt
0.85,SEP,Under 18,0.9910540577631872,SEPopt
0.85,SEP,18-24,0.9909056286927312,SEPopt
0.85,SEP,25-34,0.9909370711737516,SEPopt
0.85,SEP,35-44,0.9908256631459413,SEPopt
0.85,SEP,45-49,0.9912890062885572,SEPopt
0.85,SEP,50-55,0.9899413896046839,SEPopt
0.85,SEP,56+,0.9897882521351353,SEPopt
0.85,ETD,Overall,0.2200139628769598,SEPopt
0.85,ETD,Male,0.22054407348525001,SEPopt
0.85,ETD,Female,0.21989903051422957,SEPopt
0.85,ETD,Under 18,0.22108486439195105,SEPopt
0.85,ETD,18-24,0.22013459082424602,SEPopt
0.85,ETD,25-34,0.22072723765432103,SEPopt
0.85,ETD,35-44,0.21886973180076635,SEPopt
0.85,ETD,45-49,0.220815752461322,SEPopt
0.85,ETD,50-55,0.2123015873015873,SEPopt
0.85,ETD,56+,0.2156862745098039,SEPopt
0.9,ndcg,Overall,0.06287546564945894,SEPopt
0.9,ndcg,Male,0.06445639057887499,SEPopt
0.9,ndcg,Female,0.06427874925903596,SEPopt
0.9,ndcg,Under 18,0.0665273203423693,SEPopt
0.9,ndcg,18-24,0.06349713052488981,SEPopt
0.9,ndcg,25-34,0.06483481273129649,SEPopt
0.9,ndcg,35-44,0.06666422608650578,SEPopt
0.9,ndcg,45-49,0.054714095289668856,SEPopt
0.9,ndcg,50-55,0.06601690461039014,SEPopt
0.9,ndcg,56+,0.026525063641649284,SEPopt
0.9,hr,Overall,0.08926732129368949,SEPopt
0.9,hr,Male,0.09224011713030747,SEPopt
0.9,hr,Female,0.09120389136603162,SEPopt
0.9,hr,Under 18,0.09557661927330174,SEPopt
0.9,hr,18-24,0.09208185053380782,SEPopt
0.9,hr,25-34,0.08951965065502183,SEPopt
0.9,hr,35-44,0.09327548806941431,SEPopt
0.9,hr,45-49,0.07692307692307693,SEPopt
0.9,hr,50-55,0.07272727272727272,SEPopt
0.9,hr,56+,0.058823529411764705,SEPopt
0.9,recall,Overall,0.003755015660519012,SEPopt
0.9,recall,Male,0.003970385519958472,SEPopt
0.9,recall,Female,0.003941318662123703,SEPopt
0.9,recall,Under 18,0.004126525414826289,SEPopt
0.9,recall,18-24,0.004304783311815807,SEPopt
0.9,recall,25-34,0.003228270294968749,SEPopt
0.9,recall,35-44,0.003453765755981125,SEPopt
0.9,recall,45-49,0.005671034158531599,SEPopt
0.9,recall,50-55,0.0015279684970545184,SEPopt
0.9,recall,56+,0.0035112869110875094,SEPopt
0.9,precision,Overall,0.012126622261896586,SEPopt
0.9,precision,Male,0.012964195394649275,SEPopt
0.9,precision,Female,0.011674098094852047,SEPopt
0.9,precision,Under 18,0.012598736176935228,SEPopt
0.9,precision,18-24,0.0125,SEPopt
0.9,precision,25-34,0.01292576419213974,SEPopt
0.9,precision,35-44,0.013882863340563992,SEPopt
0.9,precision,45-49,0.015384615384615387,SEPopt
0.9,precision,50-55,0.007272727272727273,SEPopt
0.9,precision,56+,0.007352941176470588,SEPopt
0.9,LIR,Overall,0.07441629105894704,SEPopt
0.9,LIR,Male,0.07641598427463764,SEPopt
0.9,LIR,Female,0.06828838662034069,SEPopt
0.9,LIR,Under 18,0.06773671933868461,SEPopt
0.9,LIR,18-24,0.07821489997828651,SEPopt
0.9,LIR,25-34,0.07844480470163942,SEPopt
0.9,LIR,35-44,0.06156328082008976,SEPopt
0.9,LIR,45-49,0.053888289820874534,SEPopt
0.9,LIR,50-55,0.029094387550828077,SEPopt
0.9,LIR,56+,0.07903006054099182,SEPopt
0.9,SEP,Overall,0.9929851920710063,SEPopt
0.9,SEP,Male,0.9929763019904142,SEPopt
0.9,SEP,Female,0.9933557531250126,SEPopt
0.9,SEP,Under 18,0.9931971359319621,SEPopt
0.9,SEP,18-24,0.9930396672420335,SEPopt
0.9,SEP,25-34,0.9930443367383615,SEPopt
0.9,SEP,35-44,0.9929415250402345,SEPopt
0.9,SEP,45-49,0.9937794238449016,SEPopt
0.9,SEP,50-55,0.9922778668701768,SEPopt
0.9,SEP,56+,0.9919175358245039,SEPopt
0.9,ETD,Overall,0.2211674179301553,SEPopt
0.9,ETD,Male,0.2216775599128541,SEPopt
0.9,ETD,Female,0.22092659607738022,SEPopt
0.9,ETD,Under 18,0.22209098862642176,SEPopt
0.9,ETD,18-24,0.22111700559976424,SEPopt
0.9,ETD,25-34,0.22227044753086422,SEPopt
0.9,ETD,35-44,0.2198275862068966,SEPopt
0.9,ETD,45-49,0.22222222222222215,SEPopt
0.9,ETD,50-55,0.2123015873015873,SEPopt
0.9,ETD,56+,0.2156862745098039,SEPopt
0.95,ndcg,Overall,0.05401162821184359,SEPopt
0.95,ndcg,Male,0.055337341227085814,SEPopt
0.95,ndcg,Female,0.053109687923311284,SEPopt
0.95,ndcg,Under 18,0.05856462323338453,SEPopt
0.95,ndcg,18-24,0.053115182223020314,SEPopt
0.95,ndcg,25-34,0.05493789235480763,SEPopt
0.95,ndcg,35-44,0.056310777959940175,SEPopt
0.95,ndcg,45-49,0.05411610819422233,SEPopt
0.95,ndcg,50-55,0.029653268246753774,SEPopt
0.95,ndcg,56+,0.030301928228131544,SEPopt
0.95,hr,Overall,0.07347387214172904,SEPopt
0.95,hr,Male,0.07600159723146546,SEPopt
0.95,hr,Female,0.07215241183623834,SEPopt
0.95,hr,Under 18,0.07938388625592417,SEPopt
0.95,hr,18-24,0.07451067615658363,SEPopt
0.95,hr,25-34,0.07248908296943231,SEPopt
0.95,hr,35-44,0.07592190889370933,SEPopt
0.95,hr,45-49,0.07692307692307693,SEPopt
0.95,hr,50-55,0.03636363636363636,SEPopt
0.95,hr,56+,0.058823529411764705,SEPopt
0.95,recall,Overall,0.003050740619348688,SEPopt
0.95,recall,Male,0.003111323398406939,SEPopt
0.95,recall,Female,0.003083699760649195,SEPopt
0.95,recall,Under 18,0.003399178208880864,SEPopt
0.95,recall,18-24,0.0032858589726445144,SEPopt
0.95,recall,25-34,0.00246676820961027,SEPopt
0.95,recall,35-44,0.0026764147514476803,SEPopt
0.95,recall,45-49,0.005666543611133871,SEPopt
0.95,recall,50-55,0.000716991341991342,SEPopt
0.95,recall,56+,0.0035112869110875094,SEPopt
0.95,precision,Overall,0.009510403076289226,SEPopt
0.95,precision,Male,0.01008917875682151,SEPopt
0.95,precision,Female,0.008796108633968383,SEPopt
0.95,precision,Under 18,0.00995260663507109,SEPopt
0.95,precision,18-24,0.009653024911032029,SEPopt
0.95,precision,25-34,0.009781659388646289,SEPopt
0.95,precision,35-44,0.010195227765726681,SEPopt
0.95,precision,45-49,0.014102564102564105,SEPopt
0.95,precision,50-55,0.0036363636363636364,SEPopt
0.95,precision,56+,0.007352941176470588,SEPopt
0.95,LIR,Overall,0.071537427136758,SEPopt
0.95,LIR,Male,0.0745553977111425,SEPopt
0.95,LIR,Female,0.06228909087535438,SEPopt
0.95,LIR,Under 18,0.06531990932542302,SEPopt
0.95,LIR,18-24,0.07519056030108867,SEPopt
0.95,LIR,25-34,0.07515016034448846,SEPopt
0.95,LIR,35-44,0.05937712029296635,SEPopt
0.95,LIR,45-49,0.0607333077672814,SEPopt
0.95,LIR,50-55,0.029094387550828077,SEPopt
0.95,LIR,56+,0.06422476457393118,SEPopt
0.95,SEP,Overall,0.9950772058837921,SEPopt
0.95,SEP,Male,0.9950953831397461,SEPopt
0.95,SEP,Female,0.9953721068803744,SEPopt
0.95,SEP,Under 18,0.995281209851702,SEPopt
0.95,SEP,18-24,0.9951038726315714,SEPopt
0.95,SEP,25-34,0.9952225783505736,SEPopt
0.95,SEP,35-44,0.9949900989580717,SEPopt
0.95,SEP,45-49,0.9957635973596279,SEPopt
0.95,SEP,50-55,0.9944557205947093,SEPopt
0.95,SEP,56+,0.9938351874706678,SEPopt
0.95,ETD,Overall,0.22348950507672002,SEPopt
0.95,ETD,Male,0.2240475769887535,SEPopt
0.95,ETD,Female,0.22302640396729664,SEPopt
0.95,ETD,Under 18,0.22427821522309715,SEPopt
0.95,ETD,18-24,0.2231309558895766,SEPopt
0.95,ETD,25-34,0.22497106481481488,SEPopt
0.95,ETD,35-44,0.22294061302681997,SEPopt
0.95,ETD,45-49,0.22925457102672284,SEPopt
0.95,ETD,50-55,0.21428571428571427,SEPopt
0.95,ETD,56+,0.2173202614379085,SEPopt
1.0,ndcg,Overall,0.03773360612758914,SEPopt
1.0,ndcg,Male,0.04008180995521251,SEPopt
1.0,ndcg,Female,0.035332659662322734,SEPopt
1.0,ndcg,Under 18,0.03808646157932493,SEPopt
1.0,ndcg,18-24,0.038373303830378624,SEPopt
1.0,ndcg,25-34,0.040735214387623335,SEPopt
1.0,ndcg,35-44,0.04273355804260494,SEPopt
1.0,ndcg,45-49,0.036618040860359254,SEPopt
1.0,ndcg,50-55,0.02391754321428598,SEPopt
1.0,ndcg,56+,0.03211075839759803,SEPopt
1.0,hr,Overall,0.05026436860536977,SEPopt
1.0,hr,Male,0.053374151470783976,SEPopt
1.0,hr,Female,0.04823672476692339,SEPopt
1.0,hr,Under 18,0.0509478672985782,SEPopt
1.0,hr,18-24,0.05249110320284697,SEPopt
1.0,hr,25-34,0.05152838427947598,SEPopt
1.0,hr,35-44,0.05856832971800434,SEPopt
1.0,hr,45-49,0.05128205128205128,SEPopt
1.0,hr,50-55,0.03636363636363636,SEPopt
1.0,hr,56+,0.058823529411764705,SEPopt
1.0,recall,Overall,0.002154655326353781,SEPopt
1.0,recall,Male,0.0022238996478207776,SEPopt
1.0,recall,Female,0.002233374300533878,SEPopt
1.0,recall,Under 18,0.002247463664487953,SEPopt
1.0,recall,18-24,0.002541646560145449,SEPopt
1.0,recall,25-34,0.0016658418312578375,SEPopt
1.0,recall,35-44,0.0017520390682490758,SEPopt
1.0,recall,45-49,0.0024195954869132416,SEPopt
1.0,recall,50-55,0.0009110501567398119,SEPopt
1.0,recall,56+,0.0035112869110875094,SEPopt
1.0,precision,Overall,0.006221245622467898,SEPopt
1.0,precision,Male,0.006681751630507121,SEPopt
1.0,precision,Female,0.005877584110255371,SEPopt
1.0,precision,Under 18,0.006161137440758294,SEPopt
1.0,precision,18-24,0.006650355871886122,SEPopt
1.0,precision,25-34,0.006419213973799127,SEPopt
1.0,precision,35-44,0.00737527114967462,SEPopt
1.0,precision,45-49,0.005128205128205128,SEPopt
1.0,precision,50-55,0.0036363636363636364,SEPopt
1.0,precision,56+,0.007352941176470588,SEPopt
1.0,LIR,Overall,0.06774997044422845,SEPopt
1.0,LIR,Male,0.07111970028767681,SEPopt
1.0,LIR,Female,0.05742369524233949,SEPopt
1.0,LIR,Under 18,0.061835941497680305,SEPopt
1.0,LIR,18-24,0.06920863717302365,SEPopt
1.0,LIR,25-34,0.0752407735951206,SEPopt
1.0,LIR,35-44,0.05942977934875919,SEPopt
1.0,LIR,45-49,0.0427774628240485,SEPopt
1.0,LIR,50-55,0.029057427082794903,SEPopt
1.0,LIR,56+,0.050738585661314305,SEPopt
1.0,SEP,Overall,0.9960621472555624,SEPopt
1.0,SEP,Male,0.9960831192045386,SEPopt
1.0,SEP,Female,0.9963645608552012,SEPopt
1.0,SEP,Under 18,0.9962707091963294,SEPopt
1.0,SEP,18-24,0.9960943036844168,SEPopt
1.0,SEP,25-34,0.9962084010756681,SEPopt
1.0,SEP,35-44,0.9959749983458339,SEPopt
1.0,SEP,45-49,0.9969046084139241,SEPopt
1.0,SEP,50-55,0.9955389068334105,SEPopt
1.0,SEP,56+,0.9945808521459106,SEPopt
1.0,ETD,Overall,0.23605609434048175,SEPopt
1.0,ETD,Male,0.23673673673673676,SEPopt
1.0,ETD,Female,0.23526783719787348,SEPopt
1.0,ETD,Under 18,0.2375328083989502,SEPopt
1.0,ETD,18-24,0.23597602907947737,SEPopt
1.0,ETD,25-34,0.23630401234567902,SEPopt
1.0,ETD,35-44,0.23563218390804602,SEPopt
1.0,ETD,45-49,0.23769338959212374,SEPopt
1.0,ETD,50-55,0.23214285714285715,SEPopt
1.0,ETD,56+,0.22875816993464052,SEPopt
